JobTitle,Company,Location,Salary,PostDate,DateRetrieved,Summary,JobUrl
Data Scientist,Noom US,"New York, NY",,2 days ago,2020-11-28,"We offer a generous budget for personal development expenses like training courses, conferences, and books.
You'll get three weeks' paid vacation and a flexible…",https://www.indeed.com/rc/clk?jk=1c4380354c6d3589&fccid=17f7c591b33e9dc5&vjs=3
Data/Financial Scientist,Practice Paradigm,"New York, NY",,1 day ago,2020-11-28,As a data scientist you will be responsible for analyzing “Big Data” and then creating actionable items to help drive a successful marketing for our partners.,https://www.indeed.com/rc/clk?jk=d2e3a4933088f706&fccid=b182cbe2310ccfbe&vjs=3
Data Scientist,CVS Health,"New York, NY",,2 days ago,2020-11-28,"Demonstrates proficiency in several areas of data modeling, machine learning algorithms, statistical analysis, data engineering and data visualization.",https://www.indeed.com/rc/clk?jk=203cdef59be71d62&fccid=be3b11aa573faee7&vjs=3
Data Scientist Intern,The New York Times,"New York, NY",,14 days ago,2020-11-28,"In this role, you will reframe newsroom and business objectives as machine learning tasks that can deliver actionable insights, accurate predictions, and…",https://www.indeed.com/rc/clk?jk=b6e4fc84c7d476ea&fccid=1b50fcfb150b1b48&vjs=3
Data Scientist,BigMarketlytics,"New York, NY",,2 days ago,2020-11-28,"5+ years of experience with data mining, machine learning, statistical modeling tools and underlying algorithms.",https://www.indeed.com/rc/clk?jk=f4860ffb51367302&fccid=283db367a711b13d&vjs=3
Data Scientist,One Drop,"New York, NY",,2 days ago,2020-11-28,"Developing machine learning, deep learning, or dynamic simulation models for forecasting and classification.
Envisioning new and useful data-driven applications…",https://www.indeed.com/rc/clk?jk=870c95319d5193f4&fccid=824546cf0090cf64&vjs=3
Data Scientist,Tradeweb Markets LLC,"New York, NY",,1 day ago,2020-11-28,Develop scalable tools leveraging machine learning and/or deep learning models to solve real-world problems in areas such as time series predictions.,https://www.indeed.com/rc/clk?jk=4c650cd759bf38a3&fccid=368c8a280b1e8cde&vjs=3
Data Scientist,Biz2Credit Inc,"New York, NY",,30+ days ago,2020-11-28,"Work on data projects and proposals involving Biz2Credit?s financial services partners worldwide (banks, non-banks, debt investors, equity investors and others)…",https://www.indeed.com/rc/clk?jk=3483ac001da233ed&fccid=e571ceda55e25d27&vjs=3
Data Scientist,Robert Half,New York State,"$120,000 - $180,000 a year",30+ days ago,2020-11-28,"Robert Half Technology matches IT professionals with some of the best companies on a temporary, project or full-time basis.",https://www.indeed.com/pagead/clk?mo=r&ad=-6NYlbfkN0CpzDdaQkua3np5pkmj49lKioZwmwxQ-yx5plwbYmV_M3ewjQriHsLZZyJVXvAg_RPuhHSIS8C-JrEREox_7uBBGE9LMawvHWc9vVX-qDktrjCztjzU3wQICAbqDSxGccQa9wQfmHxNV01XYKFOp4tkXIo-ZqwuY5ByTiUvp1BMo5p0Dycd4-qJpfiIJHUrAqZB6kFPj7ych8uqpVJwaTHZ3N6wcN5v-rzmb8MARHbeUNjg0llU4IVzmw00Fg9T7i6jwygh7-frQoGJ2zBhfm26xhxE0kLjzMHnUoi4-BUA-1P1pUHDHgqfLCoHLXVWRIvPpFEvnC1U_r0OGkIUdBejC6-LmmW0863mpf-fXcnnxA_3KZ8XDlz-TC_YQs9Yd-yGnsmBtrLfcjj5vFWGrZgZ93m9cNh4IL51yX8IPdI1c2fytgekwj44kbzFocbfwH1Czd6OsnC35SvHGiyR66wDAC6EuuViQ--yhAJ6nelhrzbRgiGLp4Nn&p=8&fvj=0&vjs=3
Data Scientist,Source Enterprises,"New York, NY",,30+ days ago,2020-11-28,"Stay current on modern trends and advances in data mining technology.
Work with our industry experts to gain unrivaled knowledge at both the strategic level …",https://www.indeed.com/rc/clk?jk=1636faa0308fd08f&fccid=1577085fc2290983&vjs=3
Junior Data Scientist,Decode_M,"New York, NY",,30+ days ago,2020-11-28,"Advance our capabilities for how statistics and machine learning should be used in analyzing digital trends, CRM data and quantitative research.",https://www.indeed.com/rc/clk?jk=148f2e5e7a652368&fccid=2721c1c2ba33c638&vjs=3
Junior Data Scientist,ViacomCBS,"New York, NY",,22 days ago,2020-11-28,"BA/BS (M.S. or Ph.D. is a plus) in statistics, computer science, social sciences, or another quantitative subject area (such as physics, computational biology,…",https://www.indeed.com/rc/clk?jk=549b343d185ed525&fccid=30cb52ad6dd37131&vjs=3
Junior Data Scientist,Viacom,"New York, NY",,22 days ago,2020-11-28,"BA/BS (M.S. or Ph.D. is a plus) in statistics, computer science, social sciences, or another quantitative subject area (such as physics, computational biology,…",https://www.indeed.com/rc/clk?jk=00b8c73d3919724e&fccid=30cb52ad6dd37131&vjs=3
Data Scientist,EnergyHub,"New York, NY",,7 days ago,2020-11-28,"Experience using the Python scientific stack (numpy, pandas, scikit-learn, scipy, statsmodels) to clean, filter, aggregate, transform, visualize and then model…",https://www.indeed.com/rc/clk?jk=cb5827d863ff8fc4&fccid=a05d513acd07aa63&vjs=3
Data Scientist,Warner Music Group,"New York, NY",,18 days ago,2020-11-28,"2+ years of experience in Data Science, advanced analytics or academia applying advanced statistical methods and machine learning techniques to complex data…",https://www.indeed.com/rc/clk?jk=676fa6b5a127e015&fccid=5c9de1aedf73e3b6&vjs=3
Senior Data Scientist (Remote-friendly),Noom Inc.,"New York, NY",,30+ days ago,2020-11-28,You are comfortable with at least “medium data” technologies and how to transcend the “memory bound” nature of most analytics tools.,https://www.indeed.com/pagead/clk?mo=r&ad=-6NYlbfkN0CTxeckkshV_qNgr-yNuagKfX03aAeBqs32sUcG_UJIPIjYU0UajryV_EusYlMIwVmryGJfMvNrflvuRyfQ_iXTShJMpvwto9vZFA3s1-B4DqYIzzoRBfZUsaU34hNtcIKPNbHASdbN28jnAwVO9yeZNxviapkp0lGLP_Ruc0MrSKQYV9Ote54h7yqE0QYlkBw7cNjQjDysxRohtq_qNgN62ulMTNJ4UgwOuNTqy-AwZKs1NJtlVqeoBlyErPoq3UbROMtFs0Y7VzxWta0DQdSZkYel5kX5WFMklKiCeBhezvz8MxUvKpOwDaBqLMD3jQazM9_Xwft7CH7bBleD7WEcoeTcVBNIm8hwhczO6o-WpXwwEWmWeCqFYTAbsQdJXAvym2O49PAQe5ypTP-WijWF&p=0&fvj=1&vjs=3
"Data Scientist, Analytics",Facebook,"New York, NY",,30+ days ago,2020-11-28,"Apply your expertise in quantitative analysis, data mining, and the presentation of data to see beyond the numbers and understand how our users interact with…",https://www.indeed.com/pagead/clk?mo=r&ad=-6NYlbfkN0DYl4UJW4r1Vl7FEn6T9F-rD9lpC-0oMJVSiWjK_MGUd8aGvnu4CtPT_he1ev8-ARrdcxOdFkVJmTCnSyEe66H-InoVwYQVCNLIoWKLp9wuGQp5EuuYd5MMz_z40O9DQ3yOfN6hKLm494mGRTCr3gbbRrUyC4TDq44JB1APVllD-cd-QoNKD31IhjU6fpGBsRjoyAmYRSVi6c3iAc98GLtMTwJ7F_t4mSD8mpTzG1GfDk9zXxStt9vX6dNAGgjl_df5Re-N44FQdO2SMPWSElpefmnMhoOTRfG0-MshYevAuO5jD2naBZmhCSNZOj_r3NEpMl6vW6caaazSu0RmJ-DxkOXVR17VGFmDhGmjwSR07Ok-0_4-mkMj7oD7GKUC8Tog7tM3Kfrrsd5hqIddJYlHRYP_-SI6yyTBDUwr8ep1TxgQkOR490xy5Mu-fFIB_tA7wN6pn6_byi7ilIBoeGGRYaeIzYpNZCL2rcRfg2ct1g8-3TmvYT_Qvu4H7pyG9jVpdRGO3aV2UT42cTRy3EJ_FFXcZ45CMWS06j8sWREtF6DDs-58HYnHj90Hmv75SDlg1l8oRU4sqDVPZp0Nom2uL8Z1mWoCON1Js-jpI8DEY6IKuYEU6PxnYNj3YfA4W2RtQ6xOFYhJ5ykL6lHXrW9HecgV6r84EoRsGDTA3RNcbY4fjEfDgMyTi65lkFVLUMyLl_HteIPKW1dy_TXZN-iybT6NJz3-drtuIgfCej3kJZ0KMU1uhH986lcVTQQOO4QD2wcxVG0zelTHJiH2QJ4c441icOiYCYHRIgsFYKXcYOm09hdHK_ffST0D2VXlYKoQWPdhAb1xyfBlmwSvPRDStu5hV3h-qsoxhC0vLvKHKf3RsuSp6Fad9sIQXXZO_th58IdWW1Ax2Rz9r4ODUInDHWa1GGR3BIejqDBZ3TGT7Un4j-qecRLL&p=1&fvj=0&vjs=3
"Data Scientist, Analytics - Messaging Platform",Facebook,"New York, NY",,30+ days ago,2020-11-28,Apply analytical skills to gain deep insights into Messenger’s platform performance and how it affects end user experience.,https://www.indeed.com/pagead/clk?mo=r&ad=-6NYlbfkN0DYl4UJW4r1Vl7FEn6T9F-rD9lpC-0oMJVSiWjK_MGUd8aGvnu4CtPT_he1ev8-ARoWL4omB9fENkpLJDk7OB0WjGforPsnqVjK80oDkPpHyhg1Ffyt-3ngb92Iw1FluZG_pPd1nqn0dofndB1JGqhFkSSIYrkkRnLm2jKy9i9-Rxg3o0D2wCCtaI8OqE4QqWnv4deafEOy1njcIXyMsxnps1ICAOnPwleHhiY1SEx5s1JW5KEjkJDtDx0ht61uZO2uhVnB-B-FWmYYdBf87BC8tOZmpqWdOAwyImhDEY7hfg96rAks2BYTkGrbY6E-5_RLHLGp3mN8IyfyeFIatP8w0YJUO6ZUlGkMZ4TQlWQlHvtUjMUYs2i2opXCvccaiQlM74bVoex1pWTttftjO8-8wGRvMJuOZLvvl46synvNrDO-mwCdDPGuK5LAOpX2KGI07GE-rPK_m6m_1xQSu0X2SpMo1g0le--0kLhWKSlwBX3o2NOiG0sjZgpN7bwOVIHqLrCQKZz63Y7B-0am-iu76KVBKnGGr24thFmy5_ioZ11v_Dgmrdq-80a8ck4MAOQCXQgmi_qCNj6MFURaeKUnsudNpeKr8QnXLF2l_GXTFi60nP7LbxHbyWpVbMHLm5wjLhe5yBkZ9aXJ6ShpVgL41_QP2fq486el_zYJo3t8CG5MJJrpbASBJcm7f8kv-zPx7ERUzRJ1xFPivq10PRyWSuXrf2EiCZIBZfNeF71ZGIhiUZEudtUXZyLqdlxYb6bTPHA1iax5REdJbTCMBfiduaW4Wv_N9XS3FHY2O_4RJ3gFs6tezsyx7S0SaHpi6X2eAwcZxeLaZHWr7aqsdxlkMcKHdmNT5aeOCzcfAfJMdqZvgmbXY4919cYgRJkm6WlRkQ0A2hi6t0IncmPMcgk-iG2OA7uAa_VPIo9epSajI4yBvGveZXY6&p=2&fvj=0&vjs=3
"Data Scientist, Private Equity (NYC or San Francisco)","CDG Management, LLC","New York, NY","$125,000 - $300,000 a year",10 days ago,2020-11-28,"Strong familiarity with big data analytical techniques, machine learning, and cloud technologies.
You will employ statistical modeling as well as advanced…",https://www.indeed.com/pagead/clk?mo=r&ad=-6NYlbfkN0DFbdJC5UfxJC04U3-a808T3uMVqCeqHhHILHTZBBi6LX8pPe1Z7kvroMhKZYKvkZ6WsKV9EJDB5qzTArbF2Ijwu9mfxJbwFoPcA50BRs-aC_9OOrrC_l7-yaltprPCD19u6ArHdXFfdtW67fakNeoMVsxtP4EYi3h5Lo3iP-k6AJOfZKpLiLNOmMEqf1sCqNGGJkZF8knLwaJIGTHqQRnYviRQnEO38IlcuFtIdTaCJiPSB35Q-4O0-IvlAjVYaz6WjY8ISvFWBdw5pI71kkIcIaU2oFx6G26xmwZ0X0bPq2h2Vb6Pob_zlcqryhFvnhql7k9oEvZ6Fyf4mw_k77GmMP2_LMSM_sdclHNuDQamvQWrKStV09iqtOj8j6muH6eBml1ot47k64jcdnkbpdxTSawLr-vVWMamj_ZcBE_5TRbsJrpzjZKm6Sqd4Bf_CmROnbKCBYxr7OIs6hrreHDEfEmc36cnohMYpaMhoYZMOw==&p=3&fvj=1&vjs=3
Senior Data Scientist (NLP),Memorial Sloan-Kettering Cancer Center,"New York, NY",,30+ days ago,2020-11-28,"We're looking for a thoughtful, out-of-the-box developer who is no stranger to leveraging advanced NLP techniques for achieving operational and business needs.",https://www.indeed.com/pagead/clk?mo=r&ad=-6NYlbfkN0AfhXZLdKKEaSrE-A3kTViGcJyfCs_ENjKb6b0iXAiczCN92P-RaSEiZpvHGA7hLTpV2wVo2P1DyeuThn1HaFVaAS8XkT24xDpQBNTMxE1Xmf8jwYwsZR1cipkEoHDPkRknHgROWIOvtDi3NBON4lpBcumBgjM8mHll1DsiFf86BrUiHoy3n0kCoJ_DdvHSnoY6-HALB2-HpuR0ZfN6sDMxrp4LTP8BJGzjJzb3FwfIWX7GeSOLVterEmRDp53vyOI0eSIbQy-pQDqoxYD_XXSc78WN-b1f7tU6E1mz-i1HfwiBe-BikdrmsDBuvwSP5HYVf8gDfbC0O8N9pRayBCTf4QjR5h0h9Rzkr-lRwFta9qlmqmJHsrH_hDDQscHvn9WWIbgdlizg3dFtUnUByS6ZulKLC_FE4YzP6_EnbylMBojXcVoP6qIVTGFXqozh-n8zq03Z4YnTO5whGKhVvC_DVXUcl4I2Zn67tAFjSQD8A-FMU7AU_jgs0zYmLwQal-HyeLwGuv_JCnmk_LbLFxa-TPOzklHyUs3dwpjA26AncLb-nmNRByy9W0URMaBVepPEQOlEpa1lej26qQiapQ7DujBM2ZtFbyiLbpgYN4csxGScXXmDkAc7GBsySMGnQqvmmLmAbJ5BqOJCULjWslj_HSXo4S9Cif6CYkXjC4NXj6QPT_R-xgS3iVvnwsdli4MI4iM0Ui8GnJApPHd7GghKYIlhnDJadBHISaizuKGMta39v34An3ANU2YB5hrIt202tUFHNBq5xBTPfTta117KoLT9RB2Jz6QrQG9XzajAi2QqTgoUK5LSLhlajArRayDOky5UIqSXjFvOPMknsIanDT0gGEyMOljLXlCROpRPZ_Cuk4KqSLPj&p=4&fvj=0&vjs=3
Junior Data Scientist,ViacomCBS,"New York, NY",,22 days ago,2020-11-28,"BA/BS (M.S. or Ph.D. is a plus) in statistics, computer science, social sciences, or another quantitative subject area (such as physics, computational biology,…",https://www.indeed.com/rc/clk?jk=549b343d185ed525&fccid=30cb52ad6dd37131&vjs=3
Data Scientist,Wynden Stark,"Manhattan, NY",,30+ days ago,2020-11-28,"Professional experience or publication-level experience in the development, training and validation of machine learning models applied to large, high…",https://www.indeed.com/rc/clk?jk=5247c00d10cc43e8&fccid=5b63e967a659d38e&vjs=3
Junior Data Scientist,Decode_M,"New York, NY",,30+ days ago,2020-11-28,"Advance our capabilities for how statistics and machine learning should be used in analyzing digital trends, CRM data and quantitative research.",https://www.indeed.com/rc/clk?jk=148f2e5e7a652368&fccid=2721c1c2ba33c638&vjs=3
ESG Data Scientist,MSCI Inc.,"New York, NY",,7 days ago,2020-11-28,"Apply machine learning algorithms, natural language processing, parsing tools and other data science techniques to improve the effectiveness of ESG models.",https://www.indeed.com/rc/clk?jk=49ed840beaf3236a&fccid=ddf716c161cc9a6a&vjs=3
Data Scientist,Biz2Credit Inc,"New York, NY",,30+ days ago,2020-11-28,"Work on data projects and proposals involving Biz2Credit?s financial services partners worldwide (banks, non-banks, debt investors, equity investors and others)…",https://www.indeed.com/rc/clk?jk=bb41a69c0669e747&fccid=e571ceda55e25d27&vjs=3
Business Intelligence Analyst / Data Scientist,World Education Services,"New York, NY",,11 days ago,2020-11-28,"This role will assist in the consolidation and consuming of all corporate data and evaluate the data to create forecasts, options for leadership via Tableau…",https://www.indeed.com/rc/clk?jk=62d25207253030d0&fccid=049a66f3ffa9366a&vjs=3
Machine Learning Engineers,Sterling Life Sciences,"Manhattan, NY",,Today,2020-11-28,"Design machine learning systems.
Develop machine learning applications according to requirements.
Run machine learning tests and experiments.",https://www.indeed.com/rc/clk?jk=7cfdc194ca2831f4&fccid=328239a98d86c44c&vjs=3
Data Scientist (US Consumer Analytics - Existing Customer Modeling),Citi,"New York, NY",,14 days ago,2020-11-28,"Generate deep model insights and presentations to share key messages with both colleagues and senior management sponsors.
0-5 years of relevant experience.",https://www.indeed.com/rc/clk?jk=29e58def9b023a1a&fccid=5bcd1ef0a7f4fb99&vjs=3
Data Scientist,Comet.ml,"New York, NY",,30+ days ago,2020-11-28,"This role will provide support for the marketing and data science teams, using deep, technical knowledge of data science, machine learning, and AI to develop…",https://www.indeed.com/rc/clk?jk=8d42d5e43bb644b9&fccid=656e645f6fb74979&vjs=3
Data Analyst,Blue Apron,"New York, NY",,8 days ago,2020-11-28,"1+ years of hands-on experience working with very large datasets, including statistical analysis, data visualization, data mining, and data cleansing…",https://www.indeed.com/rc/clk?jk=2e4940497ae5e14e&fccid=dc55ba6e7c37067b&vjs=3
Data Scientist,Robert Half,New York State,"$120,000 - $180,000 a year",30+ days ago,2020-11-28,"Robert Half Technology matches IT professionals with some of the best companies on a temporary, project or full-time basis.",https://www.indeed.com/pagead/clk?mo=r&ad=-6NYlbfkN0CpzDdaQkua3np5pkmj49lKioZwmwxQ-yx5plwbYmV_M3ewjQriHsLZZyJVXvAg_RPuhHSIS8C-JrEREox_7uBBGE9LMawvHWc9vVX-qDktrjCztjzU3wQICAbqDSxGccQa9wQfmHxNV01XYKFOp4tkXIo-ZqwuY5ByTiUvp1BMo25j9U4m0Q8K6d5OieMs14n3kxWqoht7l240H6-fBkzLf2KduioR4lnxtCuNyPCRpqnWDeptTKQGl-vHYoent4XsDCOYxjFj-aFenQk2VV8Z3o5pQFv5f64ApD7_xs9IkLEfrhbBAWRQEHyFc_mU5VkZR4TWvRNjBQnHEt00aX10LjMObg2S5_6m0873AiDLFXMSxG-q8YEc9XhskJ4pbgpdZKTIOqCd17I0feBoojizw-g7wadBHFHKGBlQmYdKdEi3DdpW_S_8MbFcSRslxiegzRIaJik5axRjS4bXVOaxr8Ko-LEBXiRmaxzm-jAHV3pvoApwoo3R&p=15&fvj=0&vjs=3
Decision Scientist,NakedWines.com,"New York, NY",,18 days ago,2020-11-28,"5+ years of industry experience in management consulting, advanced analytics, data science, or related roles.
You are able to work legally in the United States.",https://www.indeed.com/pagead/clk?mo=r&ad=-6NYlbfkN0B8yzXerUj9WcLHc8irLhMb8zAi8-5j9IEQ6sM2GT6ixel2nkDDCZNNX2yPg8V9Uvwut0xDGBPTxkZgIB_9wrhWeMlcUm0inYVwLx2ObW8PLXLrc5cXLf3iHG7mQ3MTIGNwnI8TMuGLamMQadPOOQB7jlc_d8oGGeJ-AWXkcxTNLaOUpLQMkjHxyKd0IOsfapWXWN0iMJVpFexAuAVW5N_ZqAJal8lKItDkclmSESdDuXgjNz5a66BkbcZoDjQimf6XR3ycvS4vzpPGvQBL-8WPGlK8pGednMYegftlpuGkt-5musu9eo-WMRlHk791zMeHasNFqOIAlqbbtKSVNVRqKttWymKt2meyQgKbEcHmbbKOIwaWnp9N8riiaeAQ-lD7hpf3niH7oW8FuQeAeR57VsBENvgoYJXwsiajqrxZgiM0zcUP0jdiOYwOwjQITk8=&p=16&fvj=0&vjs=3
Data Analyst,Blue Apron,"New York, NY",,8 days ago,2020-11-28,"1+ years of hands-on experience working with very large datasets, including statistical analysis, data visualization, data mining, and data cleansing…",https://www.indeed.com/rc/clk?jk=2e4940497ae5e14e&fccid=dc55ba6e7c37067b&vjs=3
Data Scientist,Nautilus Labs,"New York, NY",,30+ days ago,2020-11-28,"You will work closely with other data scientists, data analysts, and software engineers to build, test, and deploy robust ship performance models.",https://www.indeed.com/rc/clk?jk=f3101354771c04c6&fccid=fcf358f3bd84e30a&vjs=3
"Associate Manager, Digital Data Science",Harnham,"New York, NY","$140,000 - $160,000 a year",3 days ago,2020-11-28,"Tableau, SQL, R, Python, Statistics, Power BI, Google Data Studio, Modeling, Regression, Search, SEM, PPC, Location, Google analytics, Mobile, web analytics,…",https://www.indeed.com/pagead/clk?mo=r&ad=-6NYlbfkN0ARICpNo1DhGqfodICOss3ZS6QdhS5AHh5hrs_CHOPYq5A84Isy24wU9HvmgEuRV0ZXdPDQUcpBjkkQyjzjkkCpEOHEdToFs-0KXDg77p9YTsTxqQY2BdRwUAIUvbgUWhOVxbYXRWSvqAu3iTVjcCY9Eo-GhEJ3_GxIAm04F7HyGm_-ClOAkqeS-qG6w1E4aMpxr-9Wsz3odCFzhsI5DUu5PCHM051_6XE7X7z4c-5cFGMXN_tPWDaMlGy-MJkjdpVTrNcJqagBtvoaLddlY4XBNVZba1Nqy3ycKa4umvH9kztHGCBIBmYgwI67EZdQzQvs5RmOzhUE8liFIU9ox7tIvKBCGObcvjVUErtSm9Y24vUnD3wMy-h4xP3ADDyYWoZNtV6wRXL62PiMrSDZi0WB_vZP2Wxep1mu2RyYWEJev22ptQ7HVzdLNj2GUhDwZDMvWOjF52sXbso_jZeT_xlXIk2dP34u9CwO2jCXH29N2C3dd4IAuphALXcfjk00H1dT1ziI8G9FpvquZlSkqsJqhDQzjw2xi4IOmNGhHd3medWtGTylRZ5ca5julzY-ZNXT453yDqomtf1Egx9-FDFgan2tbbbdUBqMl_9a9OBZqqA0JUXRot1XMbB0mhQDJbuTysXeKNC0PSIk8s4vz7QGnwnevRIEOxl6GtnvC8Eglgv_Oxm_hcvemOG0EEka0u4=&p=2&fvj=0&vjs=3
Data Scientist,Wynden Stark,"Manhattan, NY",,30+ days ago,2020-11-28,"Professional experience or publication-level experience in the development, training and validation of machine learning models applied to large, high…",https://www.indeed.com/rc/clk?jk=5247c00d10cc43e8&fccid=5b63e967a659d38e&vjs=3
Data Scientist,Deloitte,"New York, NY",,8 days ago,2020-11-28,"Demonstrated ability in applied empirical analytics, data mining and predictive analytics to provide with actionable insights.",https://www.indeed.com/rc/clk?jk=a94ed037060bc6c0&fccid=9e215d88a6b33622&vjs=3
"Data Scientist, Private Equity (NYC or San Francisco)","CDG Management, LLC","New York, NY","$125,000 - $300,000 a year",10 days ago,2020-11-28,"Strong familiarity with big data analytical techniques, machine learning, and cloud technologies.
You will employ statistical modeling as well as advanced…",https://www.indeed.com/pagead/clk?mo=r&ad=-6NYlbfkN0DFbdJC5UfxJC04U3-a808T3uMVqCeqHhHILHTZBBi6LX8pPe1Z7kvroMhKZYKvkZ6WsKV9EJDB5qzTArbF2Ijwu9mfxJbwFoPcA50BRs-aC_9OOrrC_l7-yaltprPCD19u6ArHdXFfdtW67fakNeoMVsxtP4EYi3h5Lo3iP-k6AJOfZKpLiLNO_vhbey96TcoY09beMe-1_yjFlXl_hHrnlkUthoHPpIxGQIJzykQFecLl2EuRiImDjbs7ngiK3Hz2w98Zsx6VDanldZ7i8jMzDzoYfcmAwGqdXwOgGvOZkAVr2Lhy7qjFi2w8kaSJPE5tHSwNtRZW2846-QjtwyTdrrQS8oy28uV8pswWVRsEHkoFMZMYR8BX4PisFc9LMTf1PVylFHE7THmt9zOqd-YfdvP9DNoinv6kBl_pA3B-w1ELLRabzkzIEZU4frvuW2xELt7WLQzvCtAgFhlBYof70qZguMKmaonmO18AmOvnlg==&p=5&fvj=1&vjs=3
Business Data Analyst / Data Scientist,Ramp,"New York, NY",,10 days ago,2020-11-28,"Testing assumptions about underlying data to ensure consistency.
Help establish and influence data and analytics process, tools, and systems that will allow us…",https://www.indeed.com/rc/clk?jk=a1f6a779c5688495&fccid=c5a99dfabd909b70&vjs=3
CCB - Quantitative Modeling/Data Scientist - Marketing - VP,"JPMorgan Chase Bank, N.A.","New York, NY",,Today,2020-11-28,"3+ years of marketing analytics or modeling-related experience.
Hands-on experience with Machine Learning and Artificial Intelligence applied to large datasets.",https://www.indeed.com/rc/clk?jk=319654c25636d0b6&fccid=aaf3b433897ea465&vjs=3
Data Scientist,Thomas,"New York, NY",,3 days ago,2020-11-28,"Experience with data warehousing or analytics in a cloud environment such as AWS.
Four or more years of relevant work experience in analytics, technology,…",https://www.indeed.com/rc/clk?jk=7b115ff1bc92e719&fccid=b57e49393a3d9837&vjs=3
Data Scientist – Financial Research,CRISIL LIMITED,"New York, NY",,22 days ago,2020-11-28,"In addition to data analytics expertise, you will have a broad understanding and interest in financial instruments and capital markets.",https://www.indeed.com/company/CRISIL-LIMITED/jobs/Data-Scientist-Financial-Research-c13f93e1cd410da6?fccid=07960deccb500f33&vjs=3
Data Scientist,Sharecare Inc,"New York, NY",,23 days ago,2020-11-28,"The Sharecare Data Scientist must have strong experience using a variety of data mining/data analysis methods, using a variety of data tools, building and…",https://www.indeed.com/rc/clk?jk=18f4e428f8530bf0&fccid=dce16d3eba100f4b&vjs=3
"Mental Health Data Analyst (City Research Scientist L I), Correctional Health Services. *Mon-Fri 9-5*",NYC Health + Hospitals,"New York, NY",,30+ days ago,2020-11-28,The Mental Health Data Analyst will function as part of the data team in mental health and under supervision will collect and analyze data for mental health…,https://www.indeed.com/rc/clk?jk=c57b4f420186731a&fccid=8ba13cf21fd7c2de&vjs=3
Machine Learning Engineers,Sterling Life Sciences,"Manhattan, NY",,Today,2020-11-28,"Design machine learning systems.
Develop machine learning applications according to requirements.
Run machine learning tests and experiments.",https://www.indeed.com/rc/clk?jk=7cfdc194ca2831f4&fccid=328239a98d86c44c&vjs=3
Data Scientist / Quantitative Analyst,Tropikia Group,"New York, NY",,30+ days ago,2020-11-28,"Construct and calibrate complex machine learning models to help client drive value models.
Join the team at our growing company providing banks, insurance firms…",https://www.indeed.com/rc/clk?jk=6d5b6211816f299f&fccid=7cf034bacd54dedb&vjs=3
Data Scientist,The New York Times,"New York, NY",,22 days ago,2020-11-28,"Reframe newsroom and business objectives as machine learning tasks that can deliver actionable insights, accurate predictions, and effective optimization.",https://www.indeed.com/rc/clk?jk=63a117535b33b4a1&fccid=1b50fcfb150b1b48&vjs=3
"Data Scientist, Auction and Delivery",Facebook,"New York, NY",,30+ days ago,2020-11-28,"The team is made up of data scientists with a diverse set of backgrounds.
Research applied machine learning questions in our ads system to improve prediction…",https://www.indeed.com/pagead/clk?mo=r&ad=-6NYlbfkN0DYl4UJW4r1Vl7FEn6T9F-rD9lpC-0oMJVSiWjK_MGUd8aGvnu4CtPT_he1ev8-ARry0quopzdiAliAoAPIXodajZvrNH_vwiHwvsVbA-DYaQ0U0mQbifkvLg__tlxt4by7PCp69WRYEQjeylRisScyxrieBZUPvrFNUAMrLW4V7U5ZcddzLeVaaSFm8wpgBIR791lWyhANjWMHLeVuHWI2PB4lBFX9qOVOR5Qigxt9enIRiyn7LcDI_JKToXr_IhVXDM_VcEJXQLP9X9FEsgDPvmWPTdWjoGSejGAnCcm8F3iWXD7OfrnleYd4S1fPRi4DO0l9zLIhnjZIIq2UqrXQ8kndkjPZaeN9oaY8LPrPvsA1JloialIJDtj71aECpr4RG4Uk-SWZ9IMKaOjgP5obArUfJ0iUhtpENt76uj_RM3aaF1ua7fUzVFWP7nVxJEcicCFo2jiwSvUhvzc9dORj9V4fB_g8_ug4Tof_mfxtq5_DT9q-Iirt235NM2YOT50cJHmk53OcVgCEvH5gPKYaJek9awmQPDlOXfU4pJn2bWQJ5aTK7pcmqeYZtWxlpAugJnGGyh6V8DQ_B05o8i9vv7ffCOdn5xZ4jJR1LlAVt6zHjNPwukgckatNEDKFZw4367Jm5UiltiElCsPR3qyw5gLdwh2Bf54kNCoUperfHQfS4RdQ08AfB2tzLYAyiLtKG1IZg6vzQ-hAUswDbEFiJRNFF5b_srvr4ESWY4yHZLohXLdC06Qt6w7M_b1PZPbT2U_I5IkC7XSwd4DxI7TQ53a3lQcOeJ8MXnOG8OkUihQZX_3Az8EuqFkCSZYOjH8bMe3-AeaiffNJAQ_TYTfTnpN6DEKvUXaISYTt4N4SOQz6V249q4Cu_9bSEi7pST5QEKJ51GPmHxAr7JDcptfpuBCLC2G9EW3bKOfJ1AnBjwQfDEw70xcZ&p=0&fvj=0&vjs=3
"Data Scientist, Analytics",Facebook,"New York, NY",,30+ days ago,2020-11-28,"Apply your expertise in quantitative analysis, data mining, and the presentation of data to see beyond the numbers and understand how our users interact with…",https://www.indeed.com/pagead/clk?mo=r&ad=-6NYlbfkN0DYl4UJW4r1Vl7FEn6T9F-rD9lpC-0oMJVSiWjK_MGUd8aGvnu4CtPT_he1ev8-ARrdcxOdFkVJmTCnSyEe66H-InoVwYQVCNLIoWKLp9wuGQp5EuuYd5MMz_z40O9DQ3yOfN6hKLm494mGRTCr3gbbRrUyC4TDq44JB1APVllD-cd-QoNKD31IhuW8NUxQSnyyEu2MdD7LFzLO0kuDA0YrAOrQzBl9FNdmDLxYtej22E8KyNXmQgnpyoN-qbTKBB_KcAJnMWhT6Ge01IhWatqsdjD20X27bK7DgWKrf-YRvk6ENKvBdLMbFKsYjOgNRMAk02MEBDg_LyGTsTwy8JHs85oaL2dDxrXr_EJVZ8_i1WBB9UCwjCS4WufXqr0PMF67QLwZj9UYmS53K5Gowx-HPHCDfcBhcm7Zqjd9TVryLtFAln-cmyIvIoJQr8LMDkawlnbgQJERWHpLCyx0MIz1Vb8h4t1r5MIrnkQmrGzBVomDBa25wdKM9zC1nUfw8sISh9V_cCHN3jPSLzttsRt6_i7F1Gy69bbma0rFT0fTcvRKh98yG25zi_HKM7PsENWVYiY0dYv8Koz3BhBHi9G8KlG7vEwUKeyNVqlqtRalOreIHL1YaxxBzvExkGRAClqyPq9wuVyMgL722PdqdWHXhOtn5j2Uf-jjAry7ZRopxeTpaBA-hKn8j2uqk4jCqaIQuJ4XX0Y6q_zQ4-W0ANSb7FQTI0dW1bG7fNOHDfR2VEoBnojvyE2XkjNZ3M4IhizEwmv9LezQHswlx8yoUN5BluHaJ-y1nAubM-8RgoQhGOaBZgyBu8sI7VxWeBK3TcnGdeBqgx5B1lv02-3_81TW3ZJekhAeB3PCPRYyu7EfdkfFyBJPNYTUnj92NFqaM1MlHXOA_hKgdWC79c26tdmtGxkvQMH-q89iSX4gX3sjkW9E_XgjOsDD&p=1&fvj=0&vjs=3
Senior Data Scientist (Remote-friendly),Noom Inc.,"New York, NY",,30+ days ago,2020-11-28,You are comfortable with at least “medium data” technologies and how to transcend the “memory bound” nature of most analytics tools.,https://www.indeed.com/pagead/clk?mo=r&ad=-6NYlbfkN0CTxeckkshV_qNgr-yNuagKfX03aAeBqs32sUcG_UJIPIjYU0UajryV_EusYlMIwVmryGJfMvNrflvuRyfQ_iXTShJMpvwto9vZFA3s1-B4DqYIzzoRBfZUsaU34hNtcIKPNbHASdbN28jnAwVO9yeZNxviapkp0lGLP_Ruc0MrSKQYV9Ote54h2pgMl_-CmmrMIr-9ErWV2pqFY7KUHbbPkrloYWxi49mfU1OfvBajPRgLt8zRHbOVUxdJR-tZzLgTa4oThI9VSnjACTGnwzNo-N10dreZo4YmZq6rLkE61klSJX5Z-3oqyj3YPJJCkLBESOQZj7VJxyYjxO28XpUgZ6LAiPVuacbo1Nnt6nLVSGxuz5LZ_rN7HeeR8OoivxdHrX73_kDgPL5_ILW6ILgo&p=2&fvj=1&vjs=3
Decision Scientist,NakedWines.com,"New York, NY",,18 days ago,2020-11-28,"5+ years of industry experience in management consulting, advanced analytics, data science, or related roles.
You are able to work legally in the United States.",https://www.indeed.com/pagead/clk?mo=r&ad=-6NYlbfkN0B8yzXerUj9WcLHc8irLhMb8zAi8-5j9IEQ6sM2GT6ixel2nkDDCZNNX2yPg8V9Uvwut0xDGBPTxkZgIB_9wrhWeMlcUm0inYVwLx2ObW8PLXLrc5cXLf3iHG7mQ3MTIGNwnI8TMuGLamMQadPOOQB7jlc_d8oGGeJHqBebBxbdVMmk-Fu0rGKJKK7CsxSNSVK2pkgjnslp4w3pMlEuww18SqWkcmqajl10lvBT9lrzM67jJ8aoKioGvO_ohOOyhTkVrG9etjyWFzp5u5-6aqxa_NgMy9MamoGsJ98axU-UKbIzAC94DUVt4Ws9EVRIdRN_s4XVxqhjGPF5qFEiQGIySmHFnULdrztTBxuH9urZh1kMYihm1Xiam2Su6Zguo6nHIzxwqCO_PV3-NS4jtyCZjFPp3AJQIkhnO6DJ44bsyoONodW1TD2yEOYgN1XUHso=&p=3&fvj=0&vjs=3
Data Scientist,Deloitte,"New York, NY",,8 days ago,2020-11-28,"Demonstrated ability in applied empirical analytics, data mining and predictive analytics to provide with actionable insights.",https://www.indeed.com/rc/clk?jk=a94ed037060bc6c0&fccid=9e215d88a6b33622&vjs=3
Business Data Analyst / Data Scientist,Ramp,"New York, NY",,10 days ago,2020-11-28,"Testing assumptions about underlying data to ensure consistency.
Help establish and influence data and analytics process, tools, and systems that will allow us…",https://www.indeed.com/rc/clk?jk=a1f6a779c5688495&fccid=c5a99dfabd909b70&vjs=3
CCB - Quantitative Modeling/Data Scientist - Marketing - VP,"JPMorgan Chase Bank, N.A.","New York, NY",,Today,2020-11-28,"3+ years of marketing analytics or modeling-related experience.
Hands-on experience with Machine Learning and Artificial Intelligence applied to large datasets.",https://www.indeed.com/rc/clk?jk=319654c25636d0b6&fccid=aaf3b433897ea465&vjs=3
Data Scientist,Thomas,"New York, NY",,3 days ago,2020-11-28,"Experience with data warehousing or analytics in a cloud environment such as AWS.
Four or more years of relevant work experience in analytics, technology,…",https://www.indeed.com/rc/clk?jk=7b115ff1bc92e719&fccid=b57e49393a3d9837&vjs=3
Data Scientist – Financial Research,CRISIL LIMITED,"New York, NY",,22 days ago,2020-11-28,"In addition to data analytics expertise, you will have a broad understanding and interest in financial instruments and capital markets.",https://www.indeed.com/company/CRISIL-LIMITED/jobs/Data-Scientist-Financial-Research-c13f93e1cd410da6?fccid=07960deccb500f33&vjs=3
Data Scientist,Sharecare Inc,"New York, NY",,23 days ago,2020-11-28,"The Sharecare Data Scientist must have strong experience using a variety of data mining/data analysis methods, using a variety of data tools, building and…",https://www.indeed.com/rc/clk?jk=18f4e428f8530bf0&fccid=dce16d3eba100f4b&vjs=3
"Mental Health Data Analyst (City Research Scientist L I), Correctional Health Services. *Mon-Fri 9-5*",NYC Health + Hospitals,"New York, NY",,30+ days ago,2020-11-28,The Mental Health Data Analyst will function as part of the data team in mental health and under supervision will collect and analyze data for mental health…,https://www.indeed.com/rc/clk?jk=c57b4f420186731a&fccid=8ba13cf21fd7c2de&vjs=3
Machine Learning Engineers,Sterling Life Sciences,"Manhattan, NY",,Today,2020-11-28,"Design machine learning systems.
Develop machine learning applications according to requirements.
Run machine learning tests and experiments.",https://www.indeed.com/rc/clk?jk=7cfdc194ca2831f4&fccid=328239a98d86c44c&vjs=3
Data Scientist / Quantitative Analyst,Tropikia Group,"New York, NY",,30+ days ago,2020-11-28,"Construct and calibrate complex machine learning models to help client drive value models.
Join the team at our growing company providing banks, insurance firms…",https://www.indeed.com/rc/clk?jk=6d5b6211816f299f&fccid=7cf034bacd54dedb&vjs=3
Data Scientist,The New York Times,"New York, NY",,22 days ago,2020-11-28,"Reframe newsroom and business objectives as machine learning tasks that can deliver actionable insights, accurate predictions, and effective optimization.",https://www.indeed.com/rc/clk?jk=63a117535b33b4a1&fccid=1b50fcfb150b1b48&vjs=3
"Data Scientist, Product Analytics",Facebook,"New York, NY",,30+ days ago,2020-11-28,"Apply your expertise in quantitative analysis, data mining, and the presentation of data to see beyond the numbers and understand how our users interact with…",https://www.indeed.com/pagead/clk?mo=r&ad=-6NYlbfkN0DYl4UJW4r1Vl7FEn6T9F-rD9lpC-0oMJVSiWjK_MGUd8aGvnu4CtPT_he1ev8-ARp3FZ3YiSFPMwkx4Qv9sUgza5s1EHrcWquCqf9DW-oj6AIqUtx7uNGE4VF2GS3_aLizePJ35UxY14TiMGYhAsX15gjz35PAIQN1kRAjKx85Pfl2l1ZJ6Pti3vUMH9FpuW83fAGu3jEGvZl3iNZto-2YdjO7OwXwTKVgQ3Ietm9JassBYGXKecz5Qgbz6sWlP1KhxfDx9VBcADK5mUlQTYDC3mIEOXzRtIVvlzlYiRQDeQl4uQU0ti54x-reQ8-zRvLPgYZLGmS9iizjlJySrdXDvm3yUZ6MTs78Ll45hrdjDHhuWCe_LxKn1IL5Io8j3sINpewLYd3kl5I0Y2kfNkfW2EyNbYw_I0GNniTexBzA583ZIN-1CsrOFFwbK1UKs034pp5jo8xS9Gx2g8DJUp0eU1mSinRONaZ2vIINVBppY9NEghZBwg0RDxYTyhPrCH4tAugtsQfymZ_K62TepMSIIE6POfSzOWMJRtRaUC7ovh7owRL98Ab-Kyy7KLavNyjAav3yA4U5HyGYfYn66ak8-4d5_pzirXkHPArpya1wj3D1dzRLKVxqQ_TvsXk4HjuHwlkZTx6e3IlVpbsKIUa1ctYGbAqTWyRKNGGu5l7bB8PSjPRYc_OBD1Qrc7hrDpugYeR6wV4wVYWGoIogMrjwuRZAjgDjgOexdAHsCZoaPzX27ZYQJZTX6aqP8RkPA0KI6WmmxEZ1ERUfZBhuFImcVIPKxSU8iN7iYMIEhZN9cJrbiaZidjtr8SS-PvD0exEgSsBCwtun6ZK8-xDWqyJcNl2nnMz4K36C6HFk556IEJI6iYAQ3ubgsGkj3zmaDCUiDsqFjXITrIp6ILOE3DtbKMnHPeNzTh3vDn-lbINKVbWZFEbQTQQ_r7sGu5Da_8k=&p=14&fvj=0&vjs=3
Data Scientist,Robert Half,New York State,"$120,000 - $180,000 a year",30+ days ago,2020-11-28,"Robert Half Technology matches IT professionals with some of the best companies on a temporary, project or full-time basis.",https://www.indeed.com/pagead/clk?mo=r&ad=-6NYlbfkN0CpzDdaQkua3np5pkmj49lKioZwmwxQ-yx5plwbYmV_M3ewjQriHsLZZyJVXvAg_RPuhHSIS8C-JrEREox_7uBBGE9LMawvHWc9vVX-qDktrjCztjzU3wQICAbqDSxGccQa9wQfmHxNV01XYKFOp4tkXIo-ZqwuY5ByTiUvp1BMo_b9tqcdfYUtsdLZO0zTB12SN2kGSEfUCnDGbbeZSuJAye4FgjNMzQnnY8PnqlJ_HpdZMQHONoKdJU1EvpD8Ve6PxfJR6O8LcKUDrWUEvSev4yXa3IjHwJIoTg0XWaKY7F59qUdTCv607atW6a8lZtXKIn595WLG6k398u3aUtYUcbbh2RWfACJELgc8J6uj5BHhQiqwR_v1weoZ49Ttn-shTRhI_23sXTZ3MwmY5ZgRzHuAWo9nN6l8rXY7ZkPn9tELKWHhs9AbBef-P8316DmLikLoNyPvdUTC07z4wBUHvpAvVhlK8zkdbsYm1dE6vdr9bnQa81ZG&p=15&fvj=0&vjs=3
Data Scientist/Data Science Instructor,NYC Data Science Academy,"New York, NY",,30+ days ago,2020-11-28,"Train in-person or online boot camp students, the next generation of data scientists, on a wide range of topics ranging from statistics, probability, SQL, R…",https://www.indeed.com/pagead/clk?mo=r&ad=-6NYlbfkN0A8aKXix6D0QrOaRp04NE0isoTv0iVbATKVyqNdtbwMjm8velvtCUdrNHPuHo2hUC3vv2iLEFNYXH4Ul7C_6Zv7Fh_-w9qkixcoFvA6gn5NcGMGCf6mfXg0ORHq6O0c_3tQexNhDTZuMOyI3v2zi2w9agGOApdvvYbvQzW_ogL7DCSQjWlxI_CsNCO-7a0aaEzrxJBMvpwDgMpX-5SSguZj68RnQSlY2PjXaZ7V9bAA8X5lsnMKe1lms3fpKlyeiGZr-bK2ebMhdmOnYUIeqLGscZjtGdXmzG28qK0JtzpCceiFifJR0pobZwYt6MZuC3aurkbfqO_W4Zl1NLbtlVcPpzXKF9C4f81TdMfN7c_7aXmcOr63KEPDU5bDxZEG0Gkpemj7NpVYQUdUDCsrYABVuhVgxKEmylhriQ8jbvdTGq-DoHEwZNzZEKJgQCHQNzSBHceig1m0egf_7AgOE5EnbnJ5gVwdk-M=&p=16&fvj=0&vjs=3
"Data Scientist (Various Levels), CCQ",Simons Foundation,"New York, NY",,30+ days ago,2020-11-28,"CCQ currently comprises more than 40 scientists at various career stages from recent Ph.D.s through senior scientists, also including data scientists, support…",https://www.indeed.com/rc/clk?jk=398851a4c9a9ebcd&fccid=8844f3447ed4e2d6&vjs=3
Data Scientist,The New York Times,"New York, NY",,22 days ago,2020-11-28,"Reframe newsroom and business objectives as machine learning tasks that can deliver actionable insights, accurate predictions, and effective optimization.",https://www.indeed.com/rc/clk?jk=63a117535b33b4a1&fccid=1b50fcfb150b1b48&vjs=3
2021 Software Engineering & Technology University Program (S.E.T.U.P) – Data Scientist,BNY Mellon,"New York, NY",,30+ days ago,2020-11-28,"Participate on a team to apply scientific method to find solutions to real business problems.
Perform data analysis, feature engineering and advanced methods to…",https://www.indeed.com/rc/clk?jk=0d82a0c5c4f0d778&fccid=b4048be2884af072&vjs=3
"Operations Specialist, Clinical Data Processing",Covera Health,"New York, NY",,21 days ago,2020-11-28,"Manage screening of clinical data sets from providers, including but not limited to verifying receipt of requested data, removing Protected Health Information …",https://www.indeed.com/rc/clk?jk=4fa365f2a2c9573a&fccid=0da34673cfff5985&vjs=3
Data Scientist,"Two Sigma Investments, LLC.","New York, NY",,30+ days ago,2020-11-28,Own end-to-end data workflows and develop deep domain expertise on the underlying actors and behaviors manifested through data.,https://www.indeed.com/rc/clk?jk=e9e2a02edf0a92db&fccid=facc18fe475dac15&vjs=3
Data Scientist,ZUNA,"Greenwich, CT","$109,000 - $130,000 a year",30+ days ago,2020-11-28,"The junior data scientist role will use data to help us better understand who our clients are, how they engage with our products and services and how we can…",https://www.indeed.com/rc/clk?jk=24b19b95823d9dd4&fccid=ce0a35b593375461&vjs=3
Assistant Manager of Data Science,Harnham,"New York, NY","$150,000 a year",3 days ago,2020-11-28,Assist in leading the team in using machine learning algorithms to identify irregularities in the consumer/retailer data and help upsell the products.,https://www.indeed.com/pagead/clk?mo=r&ad=-6NYlbfkN0ARICpNo1DhGqfodICOss3ZS6QdhS5AHh5hrs_CHOPYq5A84Isy24wU9HvmgEuRV0ZXdPDQUcpBjjlVBuVsN5iaYqP0Zkqe0tAE1ZfmBlN5eIjEKRKFwpPP_YRKasJsmZLvUShbqU2aSHsVaEIXdlQv7zVZiItNXzgOq6-upuHAEwnfRvJZ-7YhEpFE3PoiiY399VuNOJFhhsgkSZ5MoCG7mr9p1McioKGmTDZGpvXCBff-l5yu-Moe0MDVOSCoRIT5kE16_XYRkd1FDBKQFvpxPQjwX4USfj4plqo9yuRv-HTdMZikV3ex2AhJqOzqB_8W2MgTUS4Y3BTqovbafKCt5NbU_7P6XGS7WZp57VCRjpIL7riRXYV-4hba7xmiVPp20bN_dQLE5ThsY8XT_H9WU59UxJA8oHY42x_dK6qSjemPkZklNlNpxt5tD2f2wvh8Kh2kG_gmQkncwLFo5Qr2q4JaGQ7APPirW8ebKaqX9SnpOtkYI1oLVMqD2zkT_jmWVha2vbtBjG22miHA0w-JjbNwOgY1057ry32TVhAOMjDDeqQpHX2vU78-_si-0PS6yGA_8ErG3y_BAIzpXFxLeI1JvNxS131DYGknD3SsJnhowpFJqX2uQZ1elPzsTReAULCfzhdDWVzxToyTcLxKD1Py556KoDl-z95F2XBTX_dZQWAP0Bhh-rFQzqbdqAY=&p=6&fvj=0&vjs=3
Associate Data Scientist,Prognos,"New York, NY",,25 days ago,2020-11-28,"From our weekly theory sessions, where we discuss research papers and the maths behind learning algorithms, to our research tracks where clinical and data…",https://www.indeed.com/rc/clk?jk=fc66e59dfaf1a278&fccid=ff9351c2a6df2c4a&vjs=3
Data Scientist - Lodging Team,Hopper,"New York, NY",,30+ days ago,2020-11-28,"Use machine learning and big data tools on large and complex data sets to enhance our data-driven, personalized travel advice.",https://www.indeed.com/rc/clk?jk=29c2312f59dbd018&fccid=71eb96af97fae7e9&vjs=3
Data Scientist,Koneksa Health,"New York, NY",,30+ days ago,2020-11-28,"Our projects deploy digital health technologies such as FDA approved activity trackers, wearable vital sign monitors, and other emerging monitoring devices that…",https://www.indeed.com/rc/clk?jk=8a1aa3e158f5689f&fccid=3d58624cd00c354b&vjs=3
Data Scientist Internship (Undergraduate and Graduate),CVS Health,"New York, NY",,30+ days ago,2020-11-28,"We’re focused on creating new opportunities that drive transformation in areas such as digital health, member behavior change, provider efficiency, clinical…",https://www.indeed.com/rc/clk?jk=da2703efc135c5d1&fccid=be3b11aa573faee7&vjs=3
Data Scientist,Quartet Health,"New York, NY",,30+ days ago,2020-11-28,"As a Data Scientist at Quartet, you will work on a range of projects - developing statistical analyses to study impact of Quartet interventions; predicting…",https://www.indeed.com/rc/clk?jk=e5fa1ac54c20d57a&fccid=cbfe4b98d5d8dd69&vjs=3
Sr Data Analyst with Customer Data Services,Primesoftinc,"New York, NY",,9 days ago,2020-11-28,"Review machine generated results, validate with Customer Onboarding SMEs or Relationship Managers associated to the Customers where necessary, and calibrate…",https://www.indeed.com/company/Primesoftinc/jobs/Senior-Data-Analyst-Customer-Data-Service-6da01e4b42531d9b?fccid=0540b5b387d37378&vjs=3
Data Scientist,Deloitte,"New York, NY",,8 days ago,2020-11-28,"Demonstrated ability in applied empirical analytics, data mining and predictive analytics to provide with actionable insights.",https://www.indeed.com/rc/clk?jk=a94ed037060bc6c0&fccid=9e215d88a6b33622&vjs=3
Data Scientist,Dataiku,"New York, NY",,30+ days ago,2020-11-28,An ideal candidate is comfortable learning complex new technologies and modeling techniques while being able to explain their work to other data scientists and…,https://www.indeed.com/rc/clk?jk=3660684698cec841&fccid=4640437a3109c91f&vjs=3
